key,key:project,key:userStory
projectuserstory-01,project-01,user-story-01
projectuserstory-02,project-02,user-story-04
projectuserstory-03,project-02,user-story-03
projectuserstory-04,project-03,user-story-04
projectuserstory-05,project-04,user-story-04
projectuserstory-07,project-05,user-story-05
projectuserstory-08,project-05,user-story-06
projectuserstory-09,project-05,user-story-07
projectuserstory-10,project-05,user-story-08
projectuserstory-11,project-09,user-story-09
projectuserstory-12,project-09,user-story-010
projectuserstory-13,project-09,user-story-011
projectuserstory-14,project-09,user-story-012
